version: 1.0,published: 04/09/2019,date queried: 12/24/2020,email: co.suffer.struggle@gmail.com,grade: 9-12,"domains: general, social_studies, math, science"

Word,Domain,Grade
criticism,general,9-12
critically,general,9-12
depict,general,9-12
contemporary,general,9-12
increasingly,general,9-12
conference,general,9-12
induce,general,9-12
primarily,general,9-12
existence,general,9-12
devote,general,9-12
twentieth,general,9-12
retain,general,9-12
innovation,general,9-12
compel,general,9-12
dramatically,general,9-12
influential,general,9-12
sustain,general,9-12
elsewhere,general,9-12
nevertheless,general,9-12
capable,general,9-12
absence,general,9-12
moderate,general,9-12
marginal,general,9-12
perception,general,9-12
isolation,general,9-12
extensive,general,9-12
lifestyle,general,9-12
productive,general,9-12
distinctive,general,9-12
consumption,general,9-12
frequent,general,9-12
refine,general,9-12
distinction,general,9-12
merge,general,9-12
uncertainty,general,9-12
formulate,general,9-12
discipline,general,9-12
motivate,general,9-12
philosophical,general,9-12
consideration,general,9-12
readily,general,9-12
sharply,general,9-12
initially,general,9-12
descent,general,9-12
disrupt,general,9-12
disperse,general,9-12
evident,general,9-12
syntax,general,9-12
abundance,general,9-12
regain,general,9-12
tremendous,general,9-12
induction,general,9-12
devise,general,9-12
paradox,general,9-12
phenomenon,general,9-12
acknowledge,general,9-12
discourage,general,9-12
expel,general,9-12
archetype,general,9-12
implement,general,9-12
administer,general,9-12
confine,general,9-12
necessity,general,9-12
ongoing,general,9-12
physician,general,9-12
costly,general,9-12
transitional,general,9-12
supernatural,general,9-12
underlie,general,9-12
independently,general,9-12
renew,general,9-12
indirectly,general,9-12
differentiate,general,9-12
inferior,general,9-12
significantly,general,9-12
transcription,general,9-12
beneficial,general,9-12
intermediate,general,9-12
notion,general,9-12
tolerance,general,9-12
defect,general,9-12
incidence,general,9-12
patent,general,9-12
contradict,general,9-12
eternal,general,9-12
manual,general,9-12
counterclaim,general,9-12
cooperative,general,9-12
psychological,general,9-12
repeatedly,general,9-12
unequal,general,9-12
comprise,general,9-12
enrich,general,9-12
instruct,general,9-12
attain,general,9-12
diverge,general,9-12
advancement,general,9-12
designate,general,9-12
compile,general,9-12
cooperate,general,9-12
distort,general,9-12
diminish,general,9-12
profession,general,9-12
completion,general,9-12
permanently,general,9-12
plentiful,general,9-12
consequently,general,9-12
constitute,general,9-12
counterargument,general,9-12
dependence,general,9-12
resistant,general,9-12
omit,general,9-12
dominance,general,9-12
acceptance,general,9-12
adjustment,general,9-12
framework,general,9-12
undermine,general,9-12
validity,general,9-12
voluntary,general,9-12
deliberate,general,9-12
successive,general,9-12
merit,general,9-12
dilemma,general,9-12
precaution,general,9-12
subsequent,general,9-12
therapy,general,9-12
latter,general,9-12
nutrition,general,9-12
embody,general,9-12
abruptly,general,9-12
collaborative,general,9-12
consistently,general,9-12
lowering,general,9-12
overview,general,9-12
argumentative,general,9-12
uneven,general,9-12
unlikely,general,9-12
colleague,general,9-12
credible,general,9-12
notable,general,9-12
outlook,general,9-12
inward,general,9-12
nominative,general,9-12
plagiarism,general,9-12
intrigue,general,9-12
preservation,general,9-12
explicitly,general,9-12
fallacy,general,9-12
recur,general,9-12
deficiency,general,9-12
drawback,general,9-12
thorough,general,9-12
contradictory,general,9-12
duration,general,9-12
refute,general,9-12
copyright,general,9-12
discard,general,9-12
faulty,general,9-12
hereditary,general,9-12
inexpensive,general,9-12
loosely,general,9-12
respective,general,9-12
wane,general,9-12
concise,general,9-12
predictable,general,9-12
prominence,general,9-12
simplicity,general,9-12
sympathetic,general,9-12
withstand,general,9-12
appropriately,general,9-12
exclusion,general,9-12
remnant,general,9-12
abbreviate,general,9-12
aftermath,general,9-12
enjoyment,general,9-12
prescribe,general,9-12
comprehensive,general,9-12
deem,general,9-12
diagnose,general,9-12
periodically,general,9-12
affix,general,9-12
afflict,general,9-12
ascend,general,9-12
innovative,general,9-12
minimal,general,9-12
neatly,general,9-12
accessible,general,9-12
creativity,general,9-12
experimentation,general,9-12
intricate,general,9-12
premise,general,9-12
prevention,general,9-12
readiness,general,9-12
vigorously,general,9-12
affordable,general,9-12
authoritative,general,9-12
discern,general,9-12
dissimilar,general,9-12
implication,general,9-12
revolutionize,general,9-12
unclear,general,9-12
additionally,general,9-12
innate,general,9-12
likelihood,general,9-12
peculiar,general,9-12
speculation,general,9-12
chiefly,general,9-12
conform,general,9-12
indefinitely,general,9-12
orally,general,9-12
reliability,general,9-12
usable,general,9-12
accommodate,general,9-12
adequately,general,9-12
elapse,general,9-12
mainstream,general,9-12
noticeable,general,9-12
nuance,general,9-12
outweigh,general,9-12
progression,general,9-12
conversely,general,9-12
disprove,general,9-12
recreational,general,9-12
setback,general,9-12
counterpart,general,9-12
discourse,general,9-12
inaccurate,general,9-12
misuse,general,9-12
nonverbal,general,9-12
nurture,general,9-12
usefulness,general,9-12
archaeology,general,9-12
commonplace,general,9-12
dissatisfy,general,9-12
dual,general,9-12
excel,general,9-12
heed,general,9-12
implicit,general,9-12
jargon,general,9-12
milestone,general,9-12
reliance,general,9-12
sufficiently,general,9-12
cautious,general,9-12
certify,general,9-12
connotative,general,9-12
encouragement,general,9-12
exploitation,general,9-12
indication,general,9-12
monotonous,general,9-12
recognizable,general,9-12
scholarly,general,9-12
captivity,general,9-12
comparable,general,9-12
endurance,general,9-12
foremost,general,9-12
recede,general,9-12
aesthetic,general,9-12
annotation,general,9-12
assertion,general,9-12
assortment,general,9-12
concisely,general,9-12
durable,general,9-12
dwindle,general,9-12
esteem,general,9-12
inefficient,general,9-12
lifelong,general,9-12
nutritional,general,9-12
optimal,general,9-12
assimilate,general,9-12
continual,general,9-12
decorative,general,9-12
forceful,general,9-12
inconsistent,general,9-12
optimistic,general,9-12
prevalent,general,9-12
uncontrolled,general,9-12
unfavorable,general,9-12
unresolved,general,9-12
acknowledgement,general,9-12
discrepancy,general,9-12
drastically,general,9-12
fathom,general,9-12
fluctuate,general,9-12
fluctuation,general,9-12
ghostly,general,9-12
panelist,general,9-12
reappear,general,9-12
reconstruct,general,9-12
straightforward,general,9-12
vividly,general,9-12
alternatively,general,9-12
inclination,general,9-12
locally,general,9-12
majestic,general,9-12
mythical,general,9-12
mythological,general,9-12
routinely,general,9-12
unexpectedly,general,9-12
deformation,general,9-12
exemplify,general,9-12
flexibility,general,9-12
observable,general,9-12
annotate,general,9-12
collaborate,general,9-12
counteract,general,9-12
encompass,general,9-12
extensively,general,9-12
innermost,general,9-12
measurable,general,9-12
selectively,general,9-12
tolerant,general,9-12
wasteful,general,9-12
adorn,general,9-12
ensue,general,9-12
incorrectly,general,9-12
incur,general,9-12
indent,general,9-12
insightful,general,9-12
namely,general,9-12
nonessential,general,9-12
outright,general,9-12
advantageous,general,9-12
deprivation,general,9-12
equate,general,9-12
persistence,general,9-12
powerfully,general,9-12
promptly,general,9-12
thoughtfully,general,9-12
unintended,general,9-12
unreliable,general,9-12
versatile,general,9-12
alphabetical,general,9-12
astound,general,9-12
computerized,general,9-12
continuity,general,9-12
diagnosis,general,9-12
impair,general,9-12
initiation,general,9-12
knowledgeable,general,9-12
meager,general,9-12
medicinal,general,9-12
moderation,general,9-12
restrictive,general,9-12
unchanging,general,9-12
closeness,general,9-12
cohesive,general,9-12
consistency,general,9-12
cosmology,general,9-12
doubtful,general,9-12
favorably,general,9-12
finely,general,9-12
imagism,general,9-12
ingenuity,general,9-12
internationally,general,9-12
overtake,general,9-12
skeptical,general,9-12
stately,general,9-12
systematically,general,9-12
unconvincing,general,9-12
unravel,general,9-12
unused,general,9-12
allege,general,9-12
beforehand,general,9-12
elaboration,general,9-12
freshness,general,9-12
inclusion,general,9-12
inherently,general,9-12
jumble,general,9-12
perseverance,general,9-12
questionable,general,9-12
seminal,general,9-12
thinly,general,9-12
urgency,general,9-12
alternately,general,9-12
bolster,general,9-12
broadly,general,9-12
coherence,general,9-12
intentionally,general,9-12
invariably,general,9-12
jointly,general,9-12
unbroken,general,9-12
adjoin,general,9-12
anew,general,9-12
comfortably,general,9-12
meteorology,general,9-12
noteworthy,general,9-12
propagation,general,9-12
proportionally,general,9-12
societal,general,9-12
aeronautics,general,9-12
discontinuity,general,9-12
gritty,general,9-12
seaward,general,9-12
shortcoming,general,9-12
acronym,general,9-12
browse,general,9-12
bulky,general,9-12
clarification,general,9-12
elicit,general,9-12
facet,general,9-12
familiarity,general,9-12
furiously,general,9-12
harmonious,general,9-12
helplessly,general,9-12
manageable,general,9-12
quantify,general,9-12
readable,general,9-12
rediscover,general,9-12
terminology,general,9-12
unaffected,general,9-12
unwise,general,9-12
annoyance,general,9-12
confidently,general,9-12
foresee,general,9-12
identifiable,general,9-12
masterful,general,9-12
misinterpret,general,9-12
moderately,general,9-12
negation,general,9-12
nutritious,general,9-12
outset,general,9-12
successively,general,9-12
succumb,general,9-12
unrealistic,general,9-12
unsupported,general,9-12
validate,general,9-12
artistry,general,9-12
avid,general,9-12
botany,general,9-12
convincingly,general,9-12
fearsome,general,9-12
foundational,general,9-12
hesitant,general,9-12
miscellaneous,general,9-12
persuasively,general,9-12
reputable,general,9-12
rigidly,general,9-12
securely,general,9-12
tragically,general,9-12
expressively,general,9-12
formalize,general,9-12
leisurely,general,9-12
omission,general,9-12
originality,general,9-12
specification,general,9-12
ably,general,9-12
causal,general,9-12
delineate,general,9-12
entice,general,9-12
inaccessible,general,9-12
induct,general,9-12
noticeably,general,9-12
rigidity,general,9-12
unusable,general,9-12
warmly,general,9-12
allowable,general,9-12
assort,general,9-12
economical,general,9-12
excitedly,general,9-12
mesmerize,general,9-12
intonation,general,9-12
misconception,general,9-12
appropriateness,general,9-12
adage,general,9-12
phonics,general,9-12
unscramble,general,9-12
calorie,math,9-12
horizontally,math,9-12
orientation,math,9-12
complementary,math,9-12
vertically,math,9-12
counterclockwise,math,9-12
matrices,math,9-12
scatterplot,math,9-12
conjugate,math,9-12
logarithmic,math,9-12
corollary,math,9-12
elimination,math,9-12
trillion,math,9-12
radii,math,9-12
equidistant,math,9-12
dimensional,math,9-12
inversely,math,9-12
endpoint,math,9-12
asymptote,math,9-12
nonlinear,math,9-12
algorithm,math,9-12
discrete,math,9-12
clockwise,math,9-12
nonzero,math,9-12
oval,math,9-12
mathematically,math,9-12
constraint,math,9-12
algebraically,math,9-12
concurrent,math,9-12
hexagon,math,9-12
proportionality,math,9-12
spreadsheet,math,9-12
trinomial,math,9-12
maximize,math,9-12
midpoints,math,9-12
parameter,math,9-12
approximation,math,9-12
equivalence,math,9-12
straightedge,math,9-12
infinity,math,9-12
parabolic,math,9-12
secant,math,9-12
counterexample,math,9-12
fractional,math,9-12
graphically,math,9-12
numeral,math,9-12
integral,math,9-12
skew,math,9-12
parametric,math,9-12
piecewise,math,9-12
centroid,math,9-12
cylindrical,math,9-12
undefined,math,9-12
concurrency,math,9-12
protractor,math,9-12
trigonometry,math,9-12
iteration,math,9-12
derivative,math,9-12
graphical,math,9-12
iterate,math,9-12
concentric,math,9-12
scalar,math,9-12
percentile,math,9-12
collinear,math,9-12
sigma,math,9-12
shorthand,math,9-12
coplanar,math,9-12
exponentially,math,9-12
oblique,math,9-12
computation,math,9-12
discriminant,math,9-12
boxplot,math,9-12
enlargement,math,9-12
categorical,math,9-12
contrapositive,math,9-12
equiangular,math,9-12
halve,math,9-12
hexagonal,math,9-12
depreciation,math,9-12
factorial,math,9-12
scalene,math,9-12
symmetrical,math,9-12
foci,math,9-12
multiplicative,math,9-12
octagon,math,9-12
quantitatively,math,9-12
hyperbola,math,9-12
midline,math,9-12
apex,math,9-12
nonvertical,math,9-12
quartic,math,9-12
subset,math,9-12
cotangent,math,9-12
lox,math,9-12
prerequisite,math,9-12
redraw,math,9-12
tangency,math,9-12
adjacency,math,9-12
randomization,math,9-12
geometrically,math,9-12
skydiver,math,9-12
statistician,math,9-12
tetrahedron,math,9-12
visualization,math,9-12
isometric,math,9-12
numeric,math,9-12
numerically,math,9-12
placebo,math,9-12
recursion,math,9-12
simplification,math,9-12
bungee,math,9-12
extrapolate,math,9-12
megawatt,math,9-12
causation,math,9-12
decagon,math,9-12
interchange,math,9-12
noncollinear,math,9-12
nonnegative,math,9-12
coterminal,math,9-12
truss,math,9-12
recursively,math,9-12
removable,math,9-12
impedance,math,9-12
interpolation,math,9-12
nonadjacent,math,9-12
bivariate,math,9-12
cofunction,math,9-12
decimeter,math,9-12
dodecagon,math,9-12
pentagonal,math,9-12
markup,math,9-12
polygonal,math,9-12
polyhedra,math,9-12
rhombi,math,9-12
gigabyte,math,9-12
heptagon,math,9-12
keystroke,math,9-12
tabular,math,9-12
multidigit,math,9-12
tangram,math,9-12
ungroup,math,9-12
mol,science,9-12
molar,science,9-12
angular,science,9-12
configuration,science,9-12
induce,science,9-12
aqueous,science,9-12
oxidize,science,9-12
redox,science,9-12
torque,science,9-12
entropy,science,9-12
productivity,science,9-12
gamete,science,9-12
alkane,science,9-12
quantum,science,9-12
disperse,science,9-12
ionization,science,9-12
sublevel,science,9-12
buffer,science,9-12
cathode,science,9-12
induction,science,9-12
enthalpy,science,9-12
capacitor,science,9-12
anion,science,9-12
cation,science,9-12
fringe,science,9-12
soluble,science,9-12
ionize,science,9-12
molarity,science,9-12
isomers,science,9-12
grate,science,9-12
sucrose,science,9-12
harmonic,science,9-12
spectra,science,9-12
secrete,science,9-12
glycolysis,science,9-12
hydrate,science,9-12
interstellar,science,9-12
acetic,science,9-12
ammonium,science,9-12
relativity,science,9-12
stabilize,science,9-12
polymerase,science,9-12
regulatory,science,9-12
subatomic,science,9-12
electronegativity,science,9-12
nucleon,science,9-12
sporophyte,science,9-12
aggregate,science,9-12
quark,science,9-12
deplete,science,9-12
electrolysis,science,9-12
polarity,science,9-12
radioisotope,science,9-12
cladogram,science,9-12
titration,science,9-12
barium,science,9-12
stellar,science,9-12
fluoride,science,9-12
forensic,science,9-12
positron,science,9-12
stewardship,science,9-12
benzene,science,9-12
chromium,science,9-12
manganese,science,9-12
adaptive,science,9-12
silicate,science,9-12
specialization,science,9-12
octet,science,9-12
oscillate,science,9-12
lineage,science,9-12
bombard,science,9-12
curvature,science,9-12
lattice,science,9-12
spontaneously,science,9-12
arsenic,science,9-12
calorimeter,science,9-12
octave,science,9-12
steroid,science,9-12
desalination,science,9-12
meristem,science,9-12
metabolic,science,9-12
thylakoid,science,9-12
alkyl,science,9-12
nitric,science,9-12
tangential,science,9-12
vesicle,science,9-12
flux,science,9-12
photoelectric,science,9-12
colloidal,science,9-12
drainage,science,9-12
halo,science,9-12
immerse,science,9-12
insoluble,science,9-12
iodide,science,9-12
parasitic,science,9-12
colloid,science,9-12
diversify,science,9-12
geological,science,9-12
lactic,science,9-12
modification,science,9-12
substrate,science,9-12
corrosion,science,9-12
neutralize,science,9-12
reversible,science,9-12
typhoon,science,9-12
uniformly,science,9-12
anterior,science,9-12
electrostatic,science,9-12
elongate,science,9-12
phospholipid,science,9-12
recombinant,science,9-12
amine,science,9-12
dissociate,science,9-12
methyl,science,9-12
peptide,science,9-12
speciation,science,9-12
aromatic,science,9-12
deform,science,9-12
embryonic,science,9-12
impurity,science,9-12
weld,science,9-12
bromide,science,9-12
capacitance,science,9-12
clade,science,9-12
coulomb,science,9-12
electrolytic,science,9-12
ether,science,9-12
globular,science,9-12
phytoplankton,science,9-12
polypeptide,science,9-12
quasar,science,9-12
accumulation,science,9-12
climatic,science,9-12
cortex,science,9-12
dissociation,science,9-12
intermolecular,science,9-12
polarization,science,9-12
porous,science,9-12
strontium,science,9-12
transmutation,science,9-12
ammeter,science,9-12
cyanobacteria,science,9-12
differentiation,science,9-12
eccentricity,science,9-12
ethylene,science,9-12
inhibit,science,9-12
operon,science,9-12
accelerator,science,9-12
adenine,science,9-12
nitrogenous,science,9-12
polonium,science,9-12
spindle,science,9-12
supplemental,science,9-12
tempest,science,9-12
thane,science,9-12
acetate,science,9-12
biochemical,science,9-12
carboxylic,science,9-12
coli,science,9-12
diatomic,science,9-12
photosystem,science,9-12
repulsion,science,9-12
supersaturated,science,9-12
theorize,science,9-12
voltmeter,science,9-12
adiabatic,science,9-12
dipole,science,9-12
dissipate,science,9-12
ingest,science,9-12
mesoderm,science,9-12
negligible,science,9-12
neurotransmitt,science,9-12
nodule,science,9-12
radiometric,science,9-12
schematic,science,9-12
aldehyde,science,9-12
amniote,science,9-12
ecliptic,science,9-12
electronegative,science,9-12
hydroxyl,science,9-12
leach,science,9-12
methanol,science,9-12
monosaccharide,science,9-12
phylogenetic,science,9-12
planetesimal,science,9-12
polysaccharide,science,9-12
radium,science,9-12
recharge,science,9-12
template,science,9-12
thymine,science,9-12
transcribe,science,9-12
aberration,science,9-12
anaerobic,science,9-12
chemlab,science,9-12
citric,science,9-12
cotyledon,science,9-12
germination,science,9-12
metamorphism,science,9-12
posterior,science,9-12
spectrometer,science,9-12
volatile,science,9-12
aperture,science,9-12
apical,science,9-12
dissect,science,9-12
germanium,science,9-12
hound,science,9-12
lactose,science,9-12
moraine,science,9-12
nocturnal,science,9-12
oppositely,science,9-12
pipet,science,9-12
sickle,science,9-12
aerosol,science,9-12
analogous,science,9-12
carboxyl,science,9-12
detritus,science,9-12
ethane,science,9-12
forestry,science,9-12
herbicide,science,9-12
mortar,science,9-12
stoichiometry,science,9-12
titanium,science,9-12
transgenic,science,9-12
albatross,science,9-12
allergen,science,9-12
bauxite,science,9-12
covalently,science,9-12
ethyl,science,9-12
lac,science,9-12
leech,science,9-12
mammalian,science,9-12
microgravity,science,9-12
microtubule,science,9-12
regenerate,science,9-12
replenish,science,9-12
reversal,science,9-12
albedo,science,9-12
butane,science,9-12
coolant,science,9-12
diffract,science,9-12
fungal,science,9-12
hydrolysis,science,9-12
lobe,science,9-12
parenchyma,science,9-12
pipette,science,9-12
polyethylene,science,9-12
prion,science,9-12
pyruvic,science,9-12
saturation,science,9-12
secretion,science,9-12
soot,science,9-12
spawn,science,9-12
taxonomic,science,9-12
tungsten,science,9-12
undesirable,science,9-12
actin,science,9-12
adrenal,science,9-12
alteration,science,9-12
alternation,science,9-12
aquaculture,science,9-12
biofuel,science,9-12
clone,science,9-12
convergence,science,9-12
diesel,science,9-12
ecotourism,science,9-12
ester,science,9-12
extraction,science,9-12
follicle,science,9-12
galactic,science,9-12
globally,science,9-12
mesophyll,science,9-12
mirage,science,9-12
mitochondrial,science,9-12
overgrazing,science,9-12
regolith,science,9-12
sludge,science,9-12
subduct,science,9-12
acceptor,science,9-12
cadmium,science,9-12
cartilaginous,science,9-12
chitin,science,9-12
crayfish,science,9-12
cytosine,science,9-12
daffodil,science,9-12
deflection,science,9-12
deuterostome,science,9-12
disintegrate,science,9-12
dormancy,science,9-12
environmentally,science,9-12
experimentally,science,9-12
guanine,science,9-12
neural,science,9-12
quantized,science,9-12
alignment,science,9-12
alkyne,science,9-12
arachnid,science,9-12
aroma,science,9-12
autonomic,science,9-12
beryllium,science,9-12
capsid,science,9-12
carbonyl,science,9-12
cesium,science,9-12
dependency,science,9-12
ductile,science,9-12
ectotherm,science,9-12
ejecta,science,9-12
electroscope,science,9-12
fleshy,science,9-12
floodplain,science,9-12
gallium,science,9-12
glycerol,science,9-12
inert,science,9-12
insecticide,science,9-12
magenta,science,9-12
nourishment,science,9-12
perennial,science,9-12
polygenic,science,9-12
retrogradations,science,9-12
sheath,science,9-12
substituent,science,9-12
subunit,science,9-12
swab,science,9-12
thermochemical,science,9-12
trajectory,science,9-12
triglyceride,science,9-12
allergic,science,9-12
breccia,science,9-12
buckyball,science,9-12
cambium,science,9-12
catalytic,science,9-12
chromatography,science,9-12
dope,science,9-12
effusion,science,9-12
emerald,science,9-12
estrogen,science,9-12
ethyne,science,9-12
eyelid,science,9-12
fetal,science,9-12
fructose,science,9-12
hybridization,science,9-12
interbreed,science,9-12
intron,science,9-12
karyotype,science,9-12
lamprey,science,9-12
legume,science,9-12
macroscopic,science,9-12
nonmetallic,science,9-12
optics,science,9-12
pacemaker,science,9-12
protista,science,9-12
repressor,science,9-12
solvation,science,9-12
stoichiometric,science,9-12
streamline,science,9-12
systemic,science,9-12
tetrapod,science,9-12
adhesive,science,9-12
bivalve,science,9-12
carcinogen,science,9-12
commercially,science,9-12
contaminant,science,9-12
copepod,science,9-12
crosscutting,science,9-12
detection,science,9-12
disaccharide,science,9-12
ectoderm,science,9-12
endoderm,science,9-12
energize,science,9-12
fragmentation,science,9-12
gibberellin,science,9-12
immature,science,9-12
internally,science,9-12
jawless,science,9-12
keratin,science,9-12
keystone,science,9-12
larval,science,9-12
lytic,science,9-12
migratory,science,9-12
monochromatic,science,9-12
monotreme,science,9-12
municipality,science,9-12
nanometer,science,9-12
optic,science,9-12
protostome,science,9-12
reagent,science,9-12
regulator,science,9-12
solubilities,science,9-12
subdivision,science,9-12
tusk,science,9-12
vegetative,science,9-12
xenon,science,9-12
adhesion,science,9-12
airborne,science,9-12
anatomical,science,9-12
anthropoid,science,9-12
artesian,science,9-12
artificially,science,9-12
axial,science,9-12
blackbody,science,9-12
byproduct,science,9-12
coexist,science,9-12
cyanide,science,9-12
cytoskeleton,science,9-12
directional,science,9-12
electrophoresis,science,9-12
fluke,science,9-12
glycogen,science,9-12
gravitationally,science,9-12
hypotonic,science,9-12
interestingly,science,9-12
intrinsic,science,9-12
macromolecules,science,9-12
micrograph,science,9-12
monatomic,science,9-12
mountaintop,science,9-12
nomenclature,science,9-12
osmotic,science,9-12
phenolphthalein,science,9-12
phylogeny,science,9-12
plutonium,science,9-12
polymerization,science,9-12
puberty,science,9-12
radiator,science,9-12
ribosomal,science,9-12
somatic,science,9-12
submicroscopic,science,9-12
superconductor,science,9-12
triassic,science,9-12
trioxide,science,9-12
tunicate,science,9-12
untreated,science,9-12
ventral,science,9-12
veterinary,science,9-12
adenosine,science,9-12
amide,science,9-12
amylase,science,9-12
antifreeze,science,9-12
blastula,science,9-12
chromate,science,9-12
conglomerate,science,9-12
cropland,science,9-12
dermal,science,9-12
detritivore,science,9-12
developmental,science,9-12
dialysis,science,9-12
endosperm,science,9-12
ferment,science,9-12
genomic,science,9-12
hadron,science,9-12
hagfish,science,9-12
headlight,science,9-12
hectare,science,9-12
kerosene,science,9-12
krypton,science,9-12
microarray,science,9-12
mutate,science,9-12
mycorrhizae,science,9-12
myosin,science,9-12
octane,science,9-12
pharmaceutical,science,9-12
pharyngeal,science,9-12
photoelectron,science,9-12
proliferation,science,9-12
refrigerant,science,9-12
segmentation,science,9-12
sessile,science,9-12
tritium,science,9-12
anthrax,science,9-12
anthropogenic,science,9-12
bicarbonate,science,9-12
biochemistry,science,9-12
calibrate,science,9-12
cephei,science,9-12
cladistic,science,9-12
coinage,science,9-12
coordination,science,9-12
crystallization,science,9-12
cytosol,science,9-12
dehydration,science,9-12
exocytosis,science,9-12
eyeglass,science,9-12
frictionless,science,9-12
halide,science,9-12
halocarbon,science,9-12
hominin,science,9-12
hypertonic,science,9-12
illumination,science,9-12
lancelet,science,9-12
leukemia,science,9-12
lysogenic,science,9-12
mammary,science,9-12
mandible,science,9-12
manure,science,9-12
measles,science,9-12
medulla,science,9-12
mycelium,science,9-12
neutrino,science,9-12
occupant,science,9-12
oily,science,9-12
overheat,science,9-12
pandemic,science,9-12
pathologist,science,9-12
plasmodium,science,9-12
protozoa,science,9-12
purification,science,9-12
reforestation,science,9-12
rotifer,science,9-12
siphon,science,9-12
supermassive,science,9-12
thorax,science,9-12
vestigial,science,9-12
wavefront,science,9-12
abdominal,science,9-12
autoimmune,science,9-12
bacteriophage,science,9-12
centrifugal,science,9-12
cephalopod,science,9-12
chlorofluorocarbon,science,9-12
coronal,science,9-12
corrode,science,9-12
deuterium,science,9-12
encode,science,9-12
forceps,science,9-12
gradualism,science,9-12
habilis,science,9-12
heterotrophic,science,9-12
illuminance,science,9-12
incoherent,science,9-12
interparticle,science,9-12
lepton,science,9-12
locomotion,science,9-12
mutualistic,science,9-12
nonspecific,science,9-12
overlying,science,9-12
overproduction,science,9-12
parsec,science,9-12
phosphoric,science,9-12
pinpoint,science,9-12
pressurize,science,9-12
pulsar,science,9-12
quaternary,science,9-12
recombination,science,9-12
rhinoceros,science,9-12
scarp,science,9-12
shingle,science,9-12
sunlit,science,9-12
superscript,science,9-12
survivorship,science,9-12
taxonomy,science,9-12
trimester,science,9-12
tubules,science,9-12
unreactive,science,9-12
actinide,science,9-12
adverse,science,9-12
anhydrous,science,9-12
anole,science,9-12
apogee,science,9-12
arthritis,science,9-12
autosomal,science,9-12
biogeochemical,science,9-12
botanist,science,9-12
carboniferous,science,9-12
carnivorous,science,9-12
celt,science,9-12
chemosynthesis,science,9-12
chlorate,science,9-12
chromatic,science,9-12
cyclical,science,9-12
dung,science,9-12
dynamics,science,9-12
extracellular,science,9-12
fissionable,science,9-12
foliage,science,9-12
gastropod,science,9-12
geneticist,science,9-12
geosphere,science,9-12
glaciation,science,9-12
halides,science,9-12
hypochlorite,science,9-12
implementation,science,9-12
infest,science,9-12
infiltration,science,9-12
jurassic,science,9-12
keton,science,9-12
kilocalorie,science,9-12
lemur,science,9-12
luminol,science,9-12
macrophages,science,9-12
multimeter,science,9-12
nonvolatile,science,9-12
oceanography,science,9-12
oleic,science,9-12
operant,science,9-12
paramecia,science,9-12
perigee,science,9-12
phenotypic,science,9-12
poultry,science,9-12
predatory,science,9-12
redshift,science,9-12
scalpel,science,9-12
seamount,science,9-12
selenium,science,9-12
sill,science,9-12
snout,science,9-12
speedometer,science,9-12
spontaneity,science,9-12
subsidence,science,9-12
taxa,science,9-12
thrush,science,9-12
undersea,science,9-12
unpaired,science,9-12
vanadium,science,9-12
volcanism,science,9-12
wavelike,science,9-12
yolk,science,9-12
accretion,science,9-12
acetylene,science,9-12
antimony,science,9-12
auditory,science,9-12
bioluminescence,science,9-12
biomedical,science,9-12
biota,science,9-12
carpel,science,9-12
catabolism,science,9-12
catapult,science,9-12
cephalothorax,science,9-12
ciliate,science,9-12
coloration,science,9-12
constrict,science,9-12
cytokinin,science,9-12
deterioration,science,9-12
disinfectant,science,9-12
emulsion,science,9-12
encase,science,9-12
freckle,science,9-12
gastrula,science,9-12
glucagon,science,9-12
habituation,science,9-12
heritable,science,9-12
ignition,science,9-12
intestinal,science,9-12
isotonic,science,9-12
karst,science,9-12
ketone,science,9-12
linearly,science,9-12
nondisjunction,science,9-12
nonnative,science,9-12
pelvic,science,9-12
physiological,science,9-12
pith,science,9-12
resonator,science,9-12
rubidium,science,9-12
rupture,science,9-12
stabilization,science,9-12
supercluster,science,9-12
thyroxine,science,9-12
triad,science,9-12
turbidity,science,9-12
unavailable,science,9-12
unsustainable,science,9-12
windward,science,9-12
ailment,science,9-12
antinode,science,9-12
apoptosis,science,9-12
archaeopteryx,science,9-12
autosomes,science,9-12
basaltic,science,9-12
bismuth,science,9-12
blastocyst,science,9-12
caecilian,science,9-12
cancerous,science,9-12
contractile,science,9-12
corrosive,science,9-12
cycad,science,9-12
deletion,science,9-12
demographer,science,9-12
deoxyribose,science,9-12
diarrhea,science,9-12
dilution,science,9-12
ejection,science,9-12
elongation,science,9-12
enamel,science,9-12
exoplanet,science,9-12
expend,science,9-12
ganglia,science,9-12
gastric,science,9-12
gypsum,science,9-12
histamine,science,9-12
homeobox,science,9-12
homeotic,science,9-12
hominoid,science,9-12
hornwort,science,9-12
hydrilla,science,9-12
hydropower,science,9-12
hygiene,science,9-12
indivisible,science,9-12
inertial,science,9-12
inhibition,science,9-12
interlock,science,9-12
linnaean,science,9-12
magnetite,science,9-12
metamorphose,science,9-12
nasal,science,9-12
nematode,science,9-12
nonpoint,science,9-12
nucleolus,science,9-12
phagocytosis,science,9-12
porosity,science,9-12
preexist,science,9-12
relativistic,science,9-12
sanitary,science,9-12
seasonally,science,9-12
setae,science,9-12
smokestack,science,9-12
spleen,science,9-12
splice,science,9-12
sporangium,science,9-12
synthase,science,9-12
testosterone,science,9-12
tetrahedral,science,9-12
thermodynamic,science,9-12
toxicity,science,9-12
translational,science,9-12
transuranium,science,9-12
triphosphate,science,9-12
uracil,science,9-12
vaccinate,science,9-12
wafer,science,9-12
wobble,science,9-12
zooplankton,science,9-12
advent,science,9-12
appendicular,science,9-12
australopithecine,science,9-12
barbell,science,9-12
basal,science,9-12
beet,science,9-12
binaries,science,9-12
bluish,science,9-12
brownian,science,9-12
carapace,science,9-12
catalyze,science,9-12
centromere,science,9-12
cholerae,science,9-12
collagen,science,9-12
constructively,science,9-12
coverslip,science,9-12
crevasse,science,9-12
dihydrogen,science,9-12
disulfide,science,9-12
diversification,science,9-12
dolly,science,9-12
ecologically,science,9-12
eudicot,science,9-12
fissure,science,9-12
fluorescence,science,9-12
forelimb,science,9-12
galilean,science,9-12
gasohol,science,9-12
glycol,science,9-12
gosling,science,9-12
gravitropism,science,9-12
gumdrop,science,9-12
hemophilia,science,9-12
hepatitis,science,9-12
histone,science,9-12
humpback,science,9-12
hydration,science,9-12
hypha,science,9-12
interferometry,science,9-12
interferon,science,9-12
irregularly,science,9-12
lode,science,9-12
lubricate,science,9-12
mafic,science,9-12
megaspore,science,9-12
meltwater,science,9-12
metabolize,science,9-12
micrometer,science,9-12
microsphere,science,9-12
mitotic,science,9-12
mucous,science,9-12
mutagen,science,9-12
naphthalene,science,9-12
nuclide,science,9-12
pentane,science,9-12
phosphor,science,9-12
probeware,science,9-12
radula,science,9-12
randomness,science,9-12
recombine,science,9-12
sarcomere,science,9-12
septum,science,9-12
songbird,science,9-12
spatula,science,9-12
spew,science,9-12
stimulant,science,9-12
stratospheric,science,9-12
superconduct,science,9-12
taxon,science,9-12
thermonuclear,science,9-12
thorium,science,9-12
triton,science,9-12
unpolarized,science,9-12
uphill,science,9-12
wavelet,science,9-12
abnormally,science,9-12
airflow,science,9-12
antiseptic,science,9-12
archaebacteria,science,9-12
bacillus,science,9-12
bioremediation,science,9-12
borax,science,9-12
convective,science,9-12
crustal,science,9-12
detectable,science,9-12
engulf,science,9-12
eucalyptus,science,9-12
exhalation,science,9-12
eyespot,science,9-12
farsightedness,science,9-12
flagellate,science,9-12
formic,science,9-12
gallbladder,science,9-12
hematite,science,9-12
hexane,science,9-12
hookworm,science,9-12
hydroelectricity,science,9-12
inactivity,science,9-12
inbreed,science,9-12
incisor,science,9-12
lubricant,science,9-12
lymphocytes,science,9-12
meltdown,science,9-12
mesh,science,9-12
millipede,science,9-12
muskrat,science,9-12
mutant,science,9-12
nitrite,science,9-12
olfactory,science,9-12
parathyroid,science,9-12
pelvis,science,9-12
pepsin,science,9-12
permanganate,science,9-12
photoperiodism,science,9-12
phototropism,science,9-12
polystyrene,science,9-12
prong,science,9-12
radiative,science,9-12
reabsorb,science,9-12
rearrangement,science,9-12
recyclable,science,9-12
regeneration,science,9-12
resin,science,9-12
riverbed,science,9-12
roentgen,science,9-12
saline,science,9-12
semipermeable,science,9-12
simultaneous,science,9-12
stalactite,science,9-12
stoma,science,9-12
supercool,science,9-12
supersonic,science,9-12
tellurium,science,9-12
tuatara,science,9-12
tubular,science,9-12
ultrasonic,science,9-12
undigested,science,9-12
uniformitarianism,science,9-12
visibility,science,9-12
yellowish,science,9-12
abrasive,science,9-12
aftershock,science,9-12
anemia,science,9-12
aneroid,science,9-12
anteater,science,9-12
bask,science,9-12
biogeography,science,9-12
epidermal,science,9-12
farsighted,science,9-12
feathery,science,9-12
francium,science,9-12
gibbous,science,9-12
greenish,science,9-12
horsepower,science,9-12
hydrostatic,science,9-12
insertion,science,9-12
latex,science,9-12
lynx,science,9-12
magnetosphere,science,9-12
meniscus,science,9-12
microprocessor,science,9-12
milankovitch,science,9-12
mnemonic,science,9-12
mollusk,science,9-12
occluded,science,9-12
odorless,science,9-12
ornamental,science,9-12
overpopulation,science,9-12
physiology,science,9-12
preservative,science,9-12
radiocarbon,science,9-12
rechargeable,science,9-12
refrigeration,science,9-12
saclike,science,9-12
scaly,science,9-12
seam,science,9-12
semicircular,science,9-12
streetlight,science,9-12
stromatolite,science,9-12
tweezer,science,9-12
varnish,science,9-12
alchemist,science,9-12
amethyst,science,9-12
aorta,science,9-12
aphid,science,9-12
arn,science,9-12
autotrophic,science,9-12
biennial,science,9-12
biodiesel,science,9-12
bullfrog,science,9-12
certification,science,9-12
colorblind,science,9-12
compaction,science,9-12
cytochrome,science,9-12
disinfect,science,9-12
dryness,science,9-12
ductility,science,9-12
emphysema,science,9-12
entomologist,science,9-12
explosively,science,9-12
icecap,science,9-12
iridium,science,9-12
knead,science,9-12
leathery,science,9-12
nozzle,science,9-12
oersted,science,9-12
opossum,science,9-12
orangutan,science,9-12
paleontology,science,9-12
reclamation,science,9-12
reusable,science,9-12
ribonucleic,science,9-12
stiffness,science,9-12
tetra,science,9-12
thigmotropism,science,9-12
airtight,science,9-12
beech,science,9-12
chisel,science,9-12
chrysalis,science,9-12
cottonwood,science,9-12
dowel,science,9-12
downwind,science,9-12
egret,science,9-12
fiberglass,science,9-12
fixture,science,9-12
fizz,science,9-12
fluorite,science,9-12
forestland,science,9-12
handheld,science,9-12
herbaceous,science,9-12
hornblende,science,9-12
icicle,science,9-12
kilowatt,science,9-12
kudzu,science,9-12
liquid's,science,9-12
mudslide,science,9-12
nicotine,science,9-12
penis,science,9-12
perihelion,science,9-12
pinhole,science,9-12
pushpin,science,9-12
putty,science,9-12
seabird,science,9-12
spiracles,science,9-12
stalagmite,science,9-12
testis,science,9-12
unequally,science,9-12
venomous,science,9-12
watertight,science,9-12
yucca,science,9-12
blackbird,science,9-12
cementation,science,9-12
cervix,science,9-12
chemosynthetic,science,9-12
euglena,science,9-12
flightless,science,9-12
gazelle,science,9-12
hygrometer,science,9-12
kiwi,science,9-12
mackerel,science,9-12
menstruation,science,9-12
mildew,science,9-12
payload,science,9-12
seashore,science,9-12
silkworm,science,9-12
silky,science,9-12
suction,science,9-12
updraft,science,9-12
earlobe,science,9-12
gneiss,science,9-12
groin,science,9-12
handlebar,science,9-12
hippopotamus,science,9-12
leaflike,science,9-12
millibar,science,9-12
multistep,science,9-12
talc,science,9-12
terrarium,science,9-12
tubelike,science,9-12
cattail,science,9-12
toucan,science,9-12
topaz,science,9-12
ursa,science,9-12
woodchuck,science,9-12
proctor,social_studies,9-12
danforth,social_studies,9-12
conservative,social_studies,9-12
hath,social_studies,9-12
economist,social_studies,9-12
subregion,social_studies,9-12
liberal,social_studies,9-12
industrialization,social_studies,9-12
oceania,social_studies,9-12
satire,social_studies,9-12
recession,social_studies,9-12
regime,social_studies,9-12
archetypal,social_studies,9-12
monetary,social_studies,9-12
fiscal,social_studies,9-12
merge,social_studies,9-12
successor,social_studies,9-12
heroism,social_studies,9-12
parody,social_studies,9-12
allegory,social_studies,9-12
corporate,social_studies,9-12
counsel,social_studies,9-12
turmoil,social_studies,9-12
politically,social_studies,9-12
faction,social_studies,9-12
germanic,social_studies,9-12
defendant,social_studies,9-12
psyche,social_studies,9-12
territorial,social_studies,9-12
colonialism,social_studies,9-12
totalitarian,social_studies,9-12
modernist,social_studies,9-12
juvenile,social_studies,9-12
suppress,social_studies,9-12
demographic,social_studies,9-12
divorce,social_studies,9-12
authoritarian,social_studies,9-12
discontent,social_studies,9-12
disobedience,social_studies,9-12
preside,social_studies,9-12
commodity,social_studies,9-12
slaughter,social_studies,9-12
tenant,social_studies,9-12
upheld,social_studies,9-12
witchcraft,social_studies,9-12
sovereign,social_studies,9-12
multinational,social_studies,9-12
parliamentary,social_studies,9-12
capitalist,social_studies,9-12
guild,social_studies,9-12
recount,social_studies,9-12
fascist,social_studies,9-12
reelection,social_studies,9-12
slav,social_studies,9-12
bolshevik,social_studies,9-12
domination,social_studies,9-12
hinder,social_studies,9-12
modernize,social_studies,9-12
persecute,social_studies,9-12
testify,social_studies,9-12
thine,social_studies,9-12
centralize,social_studies,9-12
privately,social_studies,9-12
secession,social_studies,9-12
denounce,social_studies,9-12
rhetoric,social_studies,9-12
militant,social_studies,9-12
modernization,social_studies,9-12
naturalism,social_studies,9-12
bankruptcy,social_studies,9-12
constituent,social_studies,9-12
deputy,social_studies,9-12
militarism,social_studies,9-12
shalt,social_studies,9-12
upheaval,social_studies,9-12
bosom,social_studies,9-12
detente,social_studies,9-12
duchess,social_studies,9-12
emergence,social_studies,9-12
equity,social_studies,9-12
psalm,social_studies,9-12
purge,social_studies,9-12
realist,social_studies,9-12
slavic,social_studies,9-12
catholicism,social_studies,9-12
caucus,social_studies,9-12
decisive,social_studies,9-12
extremist,social_studies,9-12
ideology,social_studies,9-12
liquor,social_studies,9-12
proprietorship,social_studies,9-12
affirm,social_studies,9-12
deity,social_studies,9-12
nominee,social_studies,9-12
southward,social_studies,9-12
submission,social_studies,9-12
aboriginal,social_studies,9-12
annexation,social_studies,9-12
individualism,social_studies,9-12
superiority,social_studies,9-12
covenant,social_studies,9-12
franchise,social_studies,9-12
gamble,social_studies,9-12
ghetto,social_studies,9-12
lawsuit,social_studies,9-12
adoption,social_studies,9-12
aristocracy,social_studies,9-12
healthcare,social_studies,9-12
plunder,social_studies,9-12
anglican,social_studies,9-12
sikh,social_studies,9-12
anarchy,social_studies,9-12
indulgence,social_studies,9-12
lynch,social_studies,9-12
witty,social_studies,9-12
worldly,social_studies,9-12
censor,social_studies,9-12
centrally,social_studies,9-12
insure,social_studies,9-12
metaphysical,social_studies,9-12
squire,social_studies,9-12
strife,social_studies,9-12
virtuous,social_studies,9-12
ambush,social_studies,9-12
bestow,social_studies,9-12
conspiracy,social_studies,9-12
enlightened,social_studies,9-12
imperialist,social_studies,9-12
redress,social_studies,9-12
unskilled,social_studies,9-12
protectorate,social_studies,9-12
taxpayer,social_studies,9-12
vernacular,social_studies,9-12
activism,social_studies,9-12
adversary,social_studies,9-12
confrontation,social_studies,9-12
counterculture,social_studies,9-12
demonstrator,social_studies,9-12
edict,social_studies,9-12
epitaph,social_studies,9-12
grotesque,social_studies,9-12
tavern,social_studies,9-12
commune,social_studies,9-12
endorse,social_studies,9-12
feud,social_studies,9-12
fortify,social_studies,9-12
glasnost,social_studies,9-12
nubian,social_studies,9-12
offset,social_studies,9-12
partisan,social_studies,9-12
redeem,social_studies,9-12
repression,social_studies,9-12
translator,social_studies,9-12
appropriation,social_studies,9-12
forbade,social_studies,9-12
grandeur,social_studies,9-12
monstrous,social_studies,9-12
optimism,social_studies,9-12
satirical,social_studies,9-12
servitude,social_studies,9-12
stockholder,social_studies,9-12
cede,social_studies,9-12
devout,social_studies,9-12
entreat,social_studies,9-12
expire,social_studies,9-12
hapsburg,social_studies,9-12
opium,social_studies,9-12
perestroika,social_studies,9-12
privatization,social_studies,9-12
safeguard,social_studies,9-12
absolutism,social_studies,9-12
aide,social_studies,9-12
aristocratic,social_studies,9-12
assent,social_studies,9-12
brutality,social_studies,9-12
compulsory,social_studies,9-12
conservatism,social_studies,9-12
facto,social_studies,9-12
forgiveness,social_studies,9-12
illiterate,social_studies,9-12
prosecute,social_studies,9-12
afghan,social_studies,9-12
apostle,social_studies,9-12
belgian,social_studies,9-12
bicameral,social_studies,9-12
cultivation,social_studies,9-12
default,social_studies,9-12
lobbyist,social_studies,9-12
mobilization,social_studies,9-12
omen,social_studies,9-12
scripture,social_studies,9-12
takeover,social_studies,9-12
theology,social_studies,9-12
airlift,social_studies,9-12
autonomy,social_studies,9-12
bloc,social_studies,9-12
commend,social_studies,9-12
convent,social_studies,9-12
escarpment,social_studies,9-12
lawful,social_studies,9-12
sparsely,social_studies,9-12
theocracy,social_studies,9-12
treeless,social_studies,9-12
abridge,social_studies,9-12
banishment,social_studies,9-12
barbarian,social_studies,9-12
bloodshed,social_studies,9-12
disapproval,social_studies,9-12
downturn,social_studies,9-12
environmentalist,social_studies,9-12
fundamentalist,social_studies,9-12
liberalism,social_studies,9-12
morally,social_studies,9-12
peacetime,social_studies,9-12
prestige,social_studies,9-12
reconciliation,social_studies,9-12
reestablish,social_studies,9-12
tamil,social_studies,9-12
televise,social_studies,9-12
archaic,social_studies,9-12
assimilation,social_studies,9-12
baptist,social_studies,9-12
breach,social_studies,9-12
consolidate,social_studies,9-12
emigrant,social_studies,9-12
endow,social_studies,9-12
harass,social_studies,9-12
huguenot,social_studies,9-12
indifference,social_studies,9-12
merciful,social_studies,9-12
ordain,social_studies,9-12
prosecution,social_studies,9-12
prosecutor,social_studies,9-12
sabbath,social_studies,9-12
sarcasm,social_studies,9-12
adjourn,social_studies,9-12
amnesty,social_studies,9-12
anarchist,social_studies,9-12
bailiff,social_studies,9-12
bankrupt,social_studies,9-12
bondage,social_studies,9-12
conformity,social_studies,9-12
creditor,social_studies,9-12
excise,social_studies,9-12
mutiny,social_studies,9-12
nationalize,social_studies,9-12
peacekeeping,social_studies,9-12
provisional,social_studies,9-12
sectional,social_studies,9-12
sepoy,social_studies,9-12
treatise,social_studies,9-12
trinity,social_studies,9-12
unalienable,social_studies,9-12
abdicate,social_studies,9-12
affirmation,social_studies,9-12
allocate,social_studies,9-12
archbishop,social_studies,9-12
elective,social_studies,9-12
embankment,social_studies,9-12
empower,social_studies,9-12
espionage,social_studies,9-12
exempt,social_studies,9-12
feminist,social_studies,9-12
industrialist,social_studies,9-12
insurrection,social_studies,9-12
naught,social_studies,9-12
nordic,social_studies,9-12
nullify,social_studies,9-12
restructure,social_studies,9-12
righteousness,social_studies,9-12
substantive,social_studies,9-12
tenure,social_studies,9-12
unitary,social_studies,9-12
vibrant,social_studies,9-12
warlike,social_studies,9-12
withhold,social_studies,9-12
apparition,social_studies,9-12
blitzkrieg,social_studies,9-12
bourgeoisie,social_studies,9-12
charitable,social_studies,9-12
desegregation,social_studies,9-12
didst,social_studies,9-12
foothold,social_studies,9-12
heretic,social_studies,9-12
labour,social_studies,9-12
oust,social_studies,9-12
patronize,social_studies,9-12
precinct,social_studies,9-12
relocation,social_studies,9-12
retaliation,social_studies,9-12
sacrament,social_studies,9-12
solace,social_studies,9-12
treachery,social_studies,9-12
unleash,social_studies,9-12
verdict,social_studies,9-12
avarice,social_studies,9-12
baroque,social_studies,9-12
bombardment,social_studies,9-12
bounty,social_studies,9-12
conscription,social_studies,9-12
denial,social_studies,9-12
deregulation,social_studies,9-12
filibuster,social_studies,9-12
freeman,social_studies,9-12
grassroots,social_studies,9-12
isolationist,social_studies,9-12
joust,social_studies,9-12
martyr,social_studies,9-12
narrowly,social_studies,9-12
neoclassical,social_studies,9-12
repressive,social_studies,9-12
solidarity,social_studies,9-12
suffragist,social_studies,9-12
totalitarianism,social_studies,9-12
absurdity,social_studies,9-12
battleship,social_studies,9-12
chaldean,social_studies,9-12
combatant,social_studies,9-12
commentator,social_studies,9-12
courtly,social_studies,9-12
dramatist,social_studies,9-12
felony,social_studies,9-12
financially,social_studies,9-12
firearm,social_studies,9-12
gladiator,social_studies,9-12
kinsman,social_studies,9-12
legalize,social_studies,9-12
nativism,social_studies,9-12
ornate,social_studies,9-12
parson,social_studies,9-12
picket,social_studies,9-12
provincial,social_studies,9-12
responsive,social_studies,9-12
shipyard,social_studies,9-12
statesman,social_studies,9-12
tutsi,social_studies,9-12
utopia,social_studies,9-12
zulu,social_studies,9-12
advisory,social_studies,9-12
arbitration,social_studies,9-12
armband,social_studies,9-12
behead,social_studies,9-12
candide,social_studies,9-12
cartel,social_studies,9-12
cartographer,social_studies,9-12
corse,social_studies,9-12
dharma,social_studies,9-12
disarmament,social_studies,9-12
dismantle,social_studies,9-12
entitlement,social_studies,9-12
ethnically,social_studies,9-12
geographically,social_studies,9-12
injunction,social_studies,9-12
jobless,social_studies,9-12
obstruct,social_studies,9-12
openness,social_studies,9-12
papal,social_studies,9-12
patriarch,social_studies,9-12
reinforcement,social_studies,9-12
satirize,social_studies,9-12
serfdom,social_studies,9-12
skyrocket,social_studies,9-12
slander,social_studies,9-12
stronghold,social_studies,9-12
subcommittee,social_studies,9-12
taxable,social_studies,9-12
affiliation,social_studies,9-12
apothecary,social_studies,9-12
assassin,social_studies,9-12
autocracy,social_studies,9-12
ayatollah,social_studies,9-12
beanbag,social_studies,9-12
constitutionality,social_studies,9-12
counterattack,social_studies,9-12
delegation,social_studies,9-12
depositor,social_studies,9-12
duel,social_studies,9-12
forcibly,social_studies,9-12
heartland,social_studies,9-12
hijack,social_studies,9-12
hun,social_studies,9-12
influx,social_studies,9-12
landholder,social_studies,9-12
libel,social_studies,9-12
mechanize,social_studies,9-12
misdemeanor,social_studies,9-12
mundane,social_studies,9-12
outspoken,social_studies,9-12
poignant,social_studies,9-12
predecessor,social_studies,9-12
priestess,social_studies,9-12
profess,social_studies,9-12
secrecy,social_studies,9-12
soothsayer,social_studies,9-12
stockpile,social_studies,9-12
summons,social_studies,9-12
theses,social_studies,9-12
unrestricted,social_studies,9-12
unsuccessfully,social_studies,9-12
watchman,social_studies,9-12
wield,social_studies,9-12
abolitionism,social_studies,9-12
analyst,social_studies,9-12
atrocity,social_studies,9-12
blitz,social_studies,9-12
brethren,social_studies,9-12
brutally,social_studies,9-12
candid,social_studies,9-12
collectivization,social_studies,9-12
damnation,social_studies,9-12
diocletian,social_studies,9-12
disloyalty,social_studies,9-12
entangle,social_studies,9-12
exemption,social_studies,9-12
falsely,social_studies,9-12
idealistic,social_studies,9-12
importation,social_studies,9-12
incorporation,social_studies,9-12
insurgent,social_studies,9-12
livy,social_studies,9-12
maxim,social_studies,9-12
navigable,social_studies,9-12
neoclassicism,social_studies,9-12
northernmost,social_studies,9-12
oppressor,social_studies,9-12
plaintiff,social_studies,9-12
popularly,social_studies,9-12
predominantly,social_studies,9-12
progressivism,social_studies,9-12
quorum,social_studies,9-12
racist,social_studies,9-12
reaffirm,social_studies,9-12
shantytown,social_studies,9-12
shareholder,social_studies,9-12
shopkeeper,social_studies,9-12
toltec,social_studies,9-12
unanimously,social_studies,9-12
assail,social_studies,9-12
benevolent,social_studies,9-12
breech,social_studies,9-12
concur,social_studies,9-12
countee,social_studies,9-12
courtroom,social_studies,9-12
daoist,social_studies,9-12
defoe,social_studies,9-12
dictatorial,social_studies,9-12
disclosure,social_studies,9-12
expressly,social_studies,9-12
fief,social_studies,9-12
franciscan,social_studies,9-12
gerrymander,social_studies,9-12
goodwill,social_studies,9-12
guru,social_studies,9-12
idol,social_studies,9-12
immunities,social_studies,9-12
impressionist,social_studies,9-12
inferno,social_studies,9-12
literate,social_studies,9-12
millet,social_studies,9-12
modesty,social_studies,9-12
oratory,social_studies,9-12
overstatement,social_studies,9-12
patronage,social_studies,9-12
proletariat,social_studies,9-12
redistribution,social_studies,9-12
satirist,social_studies,9-12
sensational,social_studies,9-12
steamship,social_studies,9-12
stoicism,social_studies,9-12
terrorize,social_studies,9-12
unconditional,social_studies,9-12
unevenly,social_studies,9-12
virginian,social_studies,9-12
accountable,social_studies,9-12
alienate,social_studies,9-12
anabaptist,social_studies,9-12
attainder,social_studies,9-12
brazen,social_studies,9-12
cowardice,social_studies,9-12
depose,social_studies,9-12
diligence,social_studies,9-12
dole,social_studies,9-12
effigy,social_studies,9-12
hotly,social_studies,9-12
idyll,social_studies,9-12
intifada,social_studies,9-12
intoxicate,social_studies,9-12
mesoamerican,social_studies,9-12
monopolistic,social_studies,9-12
officeholder,social_studies,9-12
overwhelmingly,social_studies,9-12
perjury,social_studies,9-12
predestination,social_studies,9-12
reprieve,social_studies,9-12
sandinista,social_studies,9-12
seafaring,social_studies,9-12
sensibility,social_studies,9-12
shogunate,social_studies,9-12
visa,social_studies,9-12
accursed,social_studies,9-12
aforesaid,social_studies,9-12
akkadian,social_studies,9-12
ascertain,social_studies,9-12
aught,social_studies,9-12
cleric,social_studies,9-12
custody,social_studies,9-12
deportation,social_studies,9-12
disembark,social_studies,9-12
disillusionment,social_studies,9-12
essayist,social_studies,9-12
extermination,social_studies,9-12
garner,social_studies,9-12
glorify,social_studies,9-12
helot,social_studies,9-12
impudence,social_studies,9-12
indictment,social_studies,9-12
institutional,social_studies,9-12
intern,social_studies,9-12
kinship,social_studies,9-12
legitimacy,social_studies,9-12
linguistic,social_studies,9-12
longtime,social_studies,9-12
macroeconomic,social_studies,9-12
manly,social_studies,9-12
nationally,social_studies,9-12
nominal,social_studies,9-12
proslavery,social_studies,9-12
pulpit,social_studies,9-12
quipu,social_studies,9-12
regressive,social_studies,9-12
relinquish,social_studies,9-12
sizable,social_studies,9-12
squadron,social_studies,9-12
stoic,social_studies,9-12
stubbornly,social_studies,9-12
torpedo,social_studies,9-12
transgress,social_studies,9-12
turnout,social_studies,9-12
unmarried,social_studies,9-12
wadi,social_studies,9-12
zeal,social_studies,9-12
acquiesce,social_studies,9-12
aggressor,social_studies,9-12
annul,social_studies,9-12
autonomous,social_studies,9-12
baptize,social_studies,9-12
brahmin,social_studies,9-12
chairperson,social_studies,9-12
consort,social_studies,9-12
constituency,social_studies,9-12
copious,social_studies,9-12
covert,social_studies,9-12
deceit,social_studies,9-12
desegregate,social_studies,9-12
disarm,social_studies,9-12
divisive,social_studies,9-12
electorate,social_studies,9-12
emancipate,social_studies,9-12
entrust,social_studies,9-12
enumeration,social_studies,9-12
fortitude,social_studies,9-12
fulfillment,social_studies,9-12
greenback,social_studies,9-12
henceforth,social_studies,9-12
hereby,social_studies,9-12
impersonal,social_studies,9-12
incumbent,social_studies,9-12
industrialism,social_studies,9-12
justly,social_studies,9-12
kabuki,social_studies,9-12
kurdish,social_studies,9-12
landless,social_studies,9-12
lawlessness,social_studies,9-12
millionaire,social_studies,9-12
multiparty,social_studies,9-12
mythic,social_studies,9-12
napalm,social_studies,9-12
offence,social_studies,9-12
parochial,social_studies,9-12
passionately,social_studies,9-12
penal,social_studies,9-12
perchance,social_studies,9-12
polder,social_studies,9-12
propriety,social_studies,9-12
rapture,social_studies,9-12
rebuttal,social_studies,9-12
richly,social_studies,9-12
sabotage,social_studies,9-12
seward,social_studies,9-12
sexton,social_studies,9-12
spokesperson,social_studies,9-12
stagflation,social_studies,9-12
stockbroker,social_studies,9-12
sultanate,social_studies,9-12
uneducated,social_studies,9-12
unsigned,social_studies,9-12
unwritten,social_studies,9-12
wasteland,social_studies,9-12
allegorical,social_studies,9-12
allocation,social_studies,9-12
antithesis,social_studies,9-12
appointee,social_studies,9-12
apportionment,social_studies,9-12
attire,social_studies,9-12
bribery,social_studies,9-12
cloture,social_studies,9-12
colloquial,social_studies,9-12
consolidation,social_studies,9-12
delian,social_studies,9-12
demeanor,social_studies,9-12
despot,social_studies,9-12
disloyal,social_studies,9-12
dissident,social_studies,9-12
enslavement,social_studies,9-12
entrepreneurship,social_studies,9-12
feign,social_studies,9-12
friedan,social_studies,9-12
insistence,social_studies,9-12
intermediary,social_studies,9-12
ironwork,social_studies,9-12
kristallnacht,social_studies,9-12
lncan,social_studies,9-12
mannerism,social_studies,9-12
mirth,social_studies,9-12
normalcy,social_studies,9-12
piracy,social_studies,9-12
rationalism,social_studies,9-12
reapportionment,social_studies,9-12
saloon,social_studies,9-12
scalawag,social_studies,9-12
seminary,social_studies,9-12
seniority,social_studies,9-12
sinhalese,social_studies,9-12
slowdown,social_studies,9-12
southernmost,social_studies,9-12
spam,social_studies,9-12
thoughtless,social_studies,9-12
trustee,social_studies,9-12
tyrannical,social_studies,9-12
unfriendly,social_studies,9-12
unicameral,social_studies,9-12
unnerve,social_studies,9-12
unpaid,social_studies,9-12
varna,social_studies,9-12
vizier,social_studies,9-12
westernization,social_studies,9-12
absentee,social_studies,9-12
acquit,social_studies,9-12
anticommunist,social_studies,9-12
apportion,social_studies,9-12
armament,social_studies,9-12
asylum,social_studies,9-12
authorization,social_studies,9-12
autocratic,social_studies,9-12
bandit,social_studies,9-12
borough,social_studies,9-12
bracero,social_studies,9-12
brasilia,social_studies,9-12
bureaucrat,social_studies,9-12
clerical,social_studies,9-12
coldly,social_studies,9-12
collateral,social_studies,9-12
comedian,social_studies,9-12
contemplation,social_studies,9-12
crucify,social_studies,9-12
cruelly,social_studies,9-12
deadlock,social_studies,9-12
envoy,social_studies,9-12
fateful,social_studies,9-12
foreclosure,social_studies,9-12
horrific,social_studies,9-12
housework,social_studies,9-12
hysterical,social_studies,9-12
impatience,social_studies,9-12
impressionism,social_studies,9-12
indignant,social_studies,9-12
inmate,social_studies,9-12
intergovernmental,social_studies,9-12
kennan,social_studies,9-12
kingship,social_studies,9-12
legislate,social_studies,9-12
marshy,social_studies,9-12
masai,social_studies,9-12
masculine,social_studies,9-12
materialism,social_studies,9-12
matrilineal,social_studies,9-12
merciless,social_studies,9-12
nationalistic,social_studies,9-12
oligopoly,social_studies,9-12
pacify,social_studies,9-12
peaceably,social_studies,9-12
pidgin,social_studies,9-12
piteous,social_studies,9-12
populism,social_studies,9-12
prewar,social_studies,9-12
publicize,social_studies,9-12
racially,social_studies,9-12
remittance,social_studies,9-12
requisite,social_studies,9-12
revoke,social_studies,9-12
sinful,social_studies,9-12
spouse,social_studies,9-12
symbolist,social_studies,9-12
thatch,social_studies,9-12
triumvirate,social_studies,9-12
whither,social_studies,9-12
workweek,social_studies,9-12
abbot,social_studies,9-12
animosity,social_studies,9-12
carthaginian,social_studies,9-12
catacomb,social_studies,9-12
ceasefire,social_studies,9-12
chernozem,social_studies,9-12
confiscate,social_studies,9-12
constitutionally,social_studies,9-12
consumerism,social_studies,9-12
cult,social_studies,9-12
decentralize,social_studies,9-12
delinquency,social_studies,9-12
discriminatory,social_studies,9-12
dulles,social_studies,9-12
evangelical,social_studies,9-12
evict,social_studies,9-12
feminism,social_studies,9-12
fiat,social_studies,9-12
forefather,social_studies,9-12
fortification,social_studies,9-12
hieroglyphic,social_studies,9-12
implicitly,social_studies,9-12
inalienable,social_studies,9-12
inscrutable,social_studies,9-12
lawless,social_studies,9-12
lighthearted,social_studies,9-12
loophole,social_studies,9-12
makeshift,social_studies,9-12
meddle,social_studies,9-12
mediation,social_studies,9-12
mercantilist,social_studies,9-12
midterm,social_studies,9-12
minstrel,social_studies,9-12
misconduct,social_studies,9-12
moroccan,social_studies,9-12
nonpartisan,social_studies,9-12
nonreligious,social_studies,9-12
nonwhite,social_studies,9-12
overlord,social_studies,9-12
peacekeeper,social_studies,9-12
plagiarize,social_studies,9-12
polynesian,social_studies,9-12
ransack,social_studies,9-12
redemption,social_studies,9-12
resentful,social_studies,9-12
resettle,social_studies,9-12
sadat,social_studies,9-12
satrap,social_studies,9-12
savior,social_studies,9-12
scholastic,social_studies,9-12
spearhead,social_studies,9-12
statewide,social_studies,9-12
strategist,social_studies,9-12
superintendent,social_studies,9-12
technologically,social_studies,9-12
temperament,social_studies,9-12
turnpike,social_studies,9-12
tutu,social_studies,9-12
unconquerable,social_studies,9-12
untouchable,social_studies,9-12
ardent,social_studies,9-12
barbarous,social_studies,9-12
barricade,social_studies,9-12
battleground,social_studies,9-12
besiege,social_studies,9-12
candidacy,social_studies,9-12
chivalrous,social_studies,9-12
citadel,social_studies,9-12
crossbow,social_studies,9-12
cuisine,social_studies,9-12
disorderly,social_studies,9-12
dreamy,social_studies,9-12
dutiful,social_studies,9-12
eligibility,social_studies,9-12
emolument,social_studies,9-12
enactment,social_studies,9-12
enthusiastically,social_studies,9-12
entrench,social_studies,9-12
fastidious,social_studies,9-12
goodly,social_studies,9-12
gunfire,social_studies,9-12
hairstyle,social_studies,9-12
hobo,social_studies,9-12
illiteracy,social_studies,9-12
infernal,social_studies,9-12
kami,social_studies,9-12
magnanimity,social_studies,9-12
mistreatment,social_studies,9-12
mummification,social_studies,9-12
negotiator,social_studies,9-12
publicity,social_studies,9-12
readership,social_studies,9-12
rectitude,social_studies,9-12
reprisal,social_studies,9-12
sepulcher,social_studies,9-12
shameful,social_studies,9-12
spellbound,social_studies,9-12
steamy,social_studies,9-12
steelworker,social_studies,9-12
tirelessly,social_studies,9-12
upriver,social_studies,9-12
vigil,social_studies,9-12
wholesale,social_studies,9-12
adjournment,social_studies,9-12
appalling,social_studies,9-12
automaker,social_studies,9-12
cartography,social_studies,9-12
condemnation,social_studies,9-12
coronation,social_studies,9-12
decency,social_studies,9-12
endorsement,social_studies,9-12
finery,social_studies,9-12
gaius,social_studies,9-12
grimly,social_studies,9-12
overrule,social_studies,9-12
peacemaker,social_studies,9-12
pogrom,social_studies,9-12
seacoast,social_studies,9-12
seamstress,social_studies,9-12
secondly,social_studies,9-12
shaky,social_studies,9-12
skirmish,social_studies,9-12
songwriter,social_studies,9-12
westmoreland,social_studies,9-12
apathy,social_studies,9-12
boastful,social_studies,9-12
breadbasket,social_studies,9-12
columnist,social_studies,9-12
figurehead,social_studies,9-12
flurry,social_studies,9-12
gunboat,social_studies,9-12
headdress,social_studies,9-12
monopolize,social_studies,9-12
orphanage,social_studies,9-12
pleasantly,social_studies,9-12
souk,social_studies,9-12
festive,social_studies,9-12
hardworking,social_studies,9-12
moat,social_studies,9-12
